Forest,PlotNum,Year,Date,Quadrant,Common name,Scientific name,DBH_cm,X_coord,Y_coord,Comments
Kip tract,1,2021,15-Sep-21,2,Black cherry,Prunus serotina,13.2,,,
Kip tract,1,2021,15-Sep-21,2,Red maple,Acer rubrum,39.3,,,branched
Kip tract,1,2021,15-Sep-21,2,red maple,Acer rubrum,22.6,,,
Kip tract,1,2021,15-Sep-21,2,American beech,Fagus grandifolia,11,,,
Kip tract,1,2021,15-Sep-21,2,Red maple,Acer rubrum,29.9,,,
Kip tract,1,2021,15-Sep-21,2,Red maple,Acer rubrum,17.8,,,
Kip tract,1,2021,15-Sep-21,2,American beech,Fagus grandifolia,14.2,,,
Kip tract,1,2021,15-Sep-21,1,American beech,Fagus grandifolia,17.8,3,0.5,
Kip tract,1,2021,15-Sep-21,1,Red maple,Acer rubrum,26.4,2,4,
Kip tract,1,2021,15-Sep-21,1,Red maple,Acer rubrum,17.1,5,2,
Kip tract,1,2021,15-Sep-21,1,Red maple,Acer rubrum,15.4,4,8,
Kip tract,1,2021,15-Sep-21,1,Red maple,Acer rubrum,12.4,5,8,
Kip tract,1,2021,15-Sep-21,1,American beech,Fagus grandifolia,25.25,10,9,
Kip tract,1,2021,15-Sep-21,3,Red maple,Acer rubrum,76.8,,,two stems
Kip tract,1,2021,15-Sep-21,3,Red maple,Acer rubrum,12.8,,,
Kip tract,1,2021,15-Sep-21,3,Red maple,Acer rubrum,33.25,,,
Kip tract,1,2021,15-Sep-21,3,Red maple,Acer rubrum,14,,,
Kip tract,1,2021,15-Sep-21,3,Red maple,Acer rubrum,28.5,,,
Kip tract,1,2021,15-Sep-21,3,Red maple,Acer rubrum,25,,,
Kip tract,1,2021,15-Sep-21,4,Red maple,Acer rubrum,35.9,,,
Kip tract,1,2021,15-Sep-21,4,American beech,Fagus grandifolia,15.2,,,
Kip tract,1,2021,15-Sep-21,4,White pine,Pinus strobus,68.4,,,
Kip tract,1,2021,15-Sep-21,4,Red maple,Acer rubrum,22.6,,,
Kip tract,1,2021,15-Sep-21,4,Red maple,Acer rubrum,13.4,,,
Kip tract,2,2021,22-Sep-21,1,silver maple,Acer saccharinum,46.4,2,2.5,
Kip tract,2,2021,22-Sep-21,1,silver maple,Acer saccharinum,34.8,7,3,
Kip tract,2,2021,22-Sep-21,1,Red maple,Acer rubrum,12.8,9.5,1.5,
Kip tract,2,2021,22-Sep-21,1,silver maple,Acer saccharinum,41.8,9.75,1,
Kip tract,2,2021,22-Sep-21,1,silver maple,Acer saccharinum,48.8,9.5,8,
Kip tract,2,2021,22-Sep-21,1,silver maple,Acer saccharinum,14.4,6,8,
Kip tract,2,2021,22-Sep-21,1,silver maple,Acer saccharinum,17.2,2.5,3,
Kip tract,2,2021,22-Sep-21,2,silver maple,Acer saccharinum,19.8,,,
Kip tract,2,2021,22-Sep-21,2,American elm,Ulmus americana,16,,,
Kip tract,2,2021,22-Sep-21,2,red maple,Acer rubrum,31.4,,,
Kip tract,2,2021,22-Sep-21,2,sugar maple,Acer saccharum,19.3,,,
Kip tract,2,2021,22-Sep-21,3,black ash,Fraxinus nigra,28.3,,,
Kip tract,2,2021,22-Sep-21,3,red maple,Acer rubrum,12.2,,,
Kip tract,2,2021,22-Sep-21,3,black ash,Fraxinus nigra,18.8,,,
Kip tract,2,2021,22-Sep-21,4,silver maple,Acer saccharinum,84.9,,,
Kip tract,2,2021,22-Sep-21,4,silver maple,Acer saccharinum,35.4,,,
Kip tract,2,2021,22-Sep-21,4,black ash,Fraxinus nigra,19.7,,,
Kip tract,2,2021,22-Sep-21,4,silver maple,Acer saccharinum,32.3,,,
Kip tract,2,2021,22-Sep-21,4,silver maple,Acer saccharinum,24.2,,,
Kip tract,2,2021,22-Sep-21,4,silver maple,Acer saccharinum,14.7,,,
Kip tract,3,2021,22-Sep-21,1,Red maple,Acer rubrum,27.3,1,9.5,
Kip tract,3,2021,22-Sep-21,1,black ash,Fraxinus nigra,13.8,9,9,
Kip tract,3,2021,22-Sep-21,1,green ash,Fraxinus pennsylvanica,32.4,9.5,8,
Kip tract,3,2021,22-Sep-21,2,yellow birch,Betula alleghaniensis,12.7,,,
Kip tract,3,2021,22-Sep-21,2,basswood,Tilia americana,37.9,,,
Kip tract,3,2021,22-Sep-21,2,black ash,Fraxinus nigra,15.5,,,
Kip tract,3,2021,22-Sep-21,2,basswood,Tilia americana,29.7,,,
Kip tract,3,2021,22-Sep-21,2,ironwood,Ostrya virginiana,16.9,,,
Kip tract,3,2021,22-Sep-21,2,muscle wood,Carpinus carolineana,10,,,
Kip tract,3,2021,22-Sep-21,2,yellow birch,Betula alleghaniensis,29,,,
Kip tract,3,2021,22-Sep-21,2,yellow birch,Betula alleghaniensis,35,,,two stems
Kip tract,3,2021,22-Sep-21,2,yellow birch,Betula alleghaniensis,18.5,,,
Kip tract,3,2021,22-Sep-21,2,American elm,Ulmus americana,10.8,,,
Kip tract,3,2021,22-Sep-21,3,yellow birch,Betula alleghaniensis,25.5,,,
Kip tract,3,2021,22-Sep-21,3,green ash,Fraxinus pennsylvanica,36.6,,,
Kip tract,3,2021,22-Sep-21,3,American elm,Ulmus americana,14.5,,,
Kip tract,3,2021,22-Sep-21,4,yellow birch,Betula alleghaniensis,66.5,,,two stems
Kip tract,3,2021,22-Sep-21,4,American elm,Ulmus americana,12.6,,,
Kip tract,3,2021,22-Sep-21,4,ironwood,Ostrya virginiana,25.8,,,
Kip tract,3,2021,22-Sep-21,4,Red maple,Acer rubrum,32.1,,,
Kip tract,3,2021,22-Sep-21,4,yellow birch,Betula alleghaniensis,34.6,,,
Donnerville,1,2021,29-Sep-21,1,sugar maple,Acer saccharum,25.1,1,1,
Donnerville,1,2021,29-Sep-21,1,Red maple,Acer rubrum,18,1,7,
Donnerville,1,2021,29-Sep-21,1,sugar maple,Acer saccharum,17.1,1,8,
Donnerville,1,2021,29-Sep-21,1,sugar maple,Acer saccharum,16.3,4,6,
Donnerville,1,2021,29-Sep-21,1,sugar maple,Acer saccharum,14.4,4,4,
Donnerville,1,2021,29-Sep-21,1,Red maple,Acer rubrum,25.3,6,4,
Donnerville,1,2021,29-Sep-21,1,sugar maple,Acer saccharum,16.2,10,3,
Donnerville,1,2021,29-Sep-21,2,sugar maple,Acer saccharum,14,,,
Donnerville,1,2021,29-Sep-21,2,sugar maple,Acer saccharum,19.4,,,
Donnerville,1,2021,29-Sep-21,2,Red maple,Acer rubrum,79,,,
Donnerville,1,2021,29-Sep-21,3,sugar maple,Acer saccharum,23.2,,,
Donnerville,1,2021,29-Sep-21,3,sugar maple,Acer saccharum,16.6,,,
Donnerville,1,2021,29-Sep-21,3,Red maple,Acer rubrum,18.4,,,
Donnerville,1,2021,29-Sep-21,3,quaking aspen,Populus tremuloides,24.5,,,bigtooth aspen?
Donnerville,1,2021,29-Sep-21,3,white ash,Fraxinus americana,14.3,,,
Donnerville,1,2021,29-Sep-21,3,quaking aspen,Populus tremuloides,37,,,
Donnerville,1,2021,29-Sep-21,4,sugar maple,Acer saccharum,27.5,,,
Donnerville,1,2021,29-Sep-21,4,red maple,Acer rubrum,18.6,,,
Donnerville,1,2021,29-Sep-21,4,Red maple,Acer rubrum,19.4,,,
Donnerville,1,2021,29-Sep-21,4,Red maple,Acer rubrum,18.11,,,
Donnerville,2,2021,29-Sep-21,1,white ash,Fraxinus americana,19,1,1,
Donnerville,2,2021,29-Sep-21,1,Red maple,Acer rubrum,45.1,2,1,two stems
Donnerville,2,2021,29-Sep-21,1,juneberry,Amelanchier spp.,13.9,7,6,
Donnerville,2,2021,29-Sep-21,1,American beech,Fagus grandifolia,10.6,5,9,
Donnerville,2,2021,29-Sep-21,1,juneberry,Amelanchier spp.,18.8,5,9,
Donnerville,2,2021,29-Sep-21,2,juneberry,Amelanchier spp.,11.9,,,
Donnerville,2,2021,29-Sep-21,2,Red maple,Acer rubrum,22,,,
Donnerville,2,2021,29-Sep-21,2,Red maple,Acer rubrum,50.4,,,two stems
Donnerville,2,2021,29-Sep-21,2,juneberry,Amelanchier spp.,11.2,,,
Donnerville,2,2021,29-Sep-21,2,Black cherry,Prunus serotina,33.5,,,
Donnerville,2,2021,29-Sep-21,3,white ash,Fraxinus americana,24.3,,,
Donnerville,2,2021,29-Sep-21,3,red maple,Acer rubrum,13.3,,,
Donnerville,2,2021,29-Sep-21,3,black cherry,Prunus serotina,9.9,,,
Donnerville,2,2021,29-Sep-21,3,black cherry,Prunus serotina,35.9,,,
Donnerville,2,2021,29-Sep-21,3,red maple,Acer rubrum,102.6,,,three stems; had to measure above DBH height
Donnerville,2,2021,29-Sep-21,3,American beech,Fagus grandifolia,14.6,,,
Donnerville,2,2021,29-Sep-21,4,sugar maple,Acer saccharum,32.4,,,
Donnerville,2,2021,29-Sep-21,4,sugar maple,Acer saccharum,13.3,,,
Donnerville,2,2021,29-Sep-21,4,American beech,Fagus grandifolia,14.7,,,
Donnerville,2,2021,29-Sep-21,4,sugar maple,Acer saccharum,21.8,,,
Donnerville,2,2021,29-Sep-21,4,black cherry,Prunus serotina,31.6,,,
Donnerville,2,2021,29-Sep-21,4,juneberry,Amelanchier spp.,11.2,,,
Donnerville,2,2021,29-Sep-21,4,sugar maple,Acer saccharum,10.7,,,
Donnerville,2,2021,29-Sep-21,4,American beech,Fagus grandifolia,10.3,,,
Donnerville,3,2021,29-Sep-21,1,sugar maple,Acer saccharum,33.9,5,7,
Donnerville,3,2021,29-Sep-21,1,sugar maple,Acer saccharum,46.3,5,0.5,
Donnerville,3,2021,29-Sep-21,1,sugar maple,Acer saccharum,12.8,2,6,
Donnerville,3,2021,29-Sep-21,1,American beech,Fagus grandifolia,13.2,4,2,
Donnerville,3,2021,29-Sep-21,1,yellow birch,Betula alleghaniensis,20.2,8,1,
Donnerville,3,2021,29-Sep-21,1,yellow birch,Betula alleghaniensis,26.5,8,1,
Donnerville,3,2021,29-Sep-21,2,sugar maple,Acer saccharum,14.4,,,
Donnerville,3,2021,29-Sep-21,2,black cherry,Prunus serotina,34.4,,,
Donnerville,3,2021,29-Sep-21,2,sugar maple,Acer saccharum,67.5,,,two stems
Donnerville,3,2021,29-Sep-21,2,ironwood,Ostrya virginiana,12.9,,,
Donnerville,3,2021,29-Sep-21,4,sugar maple,Acer saccharum,13.6,,,
Donnerville,3,2021,29-Sep-21,4,sugar maple,Acer saccharum,11.2,,,
Donnerville,3,2021,29-Sep-21,3,sugar maple,Acer saccharum,17.8,,,
Donnerville,3,2021,29-Sep-21,3,yellow birch,Betula alleghaniensis,39,,,
Donnerville,3,2021,29-Sep-21,3,sugar maple,Acer saccharum,16.2,,,
Donnerville,3,2021,29-Sep-21,3,sugar maple,Acer saccharum,11.9,,,
South Hammond,1,2021,6-Oct-21,1,Red maple,Acer rubrum,13.8,4,4,
South Hammond,1,2021,6-Oct-21,1,Red maple,Acer rubrum,24.1,8,4,2 stems
South Hammond,1,2021,6-Oct-21,1,red oak,Quercus rubra,15.4,4,5,
South Hammond,1,2021,6-Oct-21,1,red oak,Quercus rubra,11.3,8,6,
South Hammond,1,2021,6-Oct-21,1,red oak,Quercus rubra,15.9,5,8,
South Hammond,1,2021,6-Oct-21,1,red maple,Acer rubrum,49,9,6,3 stems
South Hammond,1,2021,6-Oct-21,2,red oak,Quercus rubra,29.2,,,
South Hammond,1,2021,6-Oct-21,2,red oak,Quercus rubra,24.4,,,2 stems
South Hammond,1,2021,6-Oct-21,2,red oak,Quercus rubra,22.1,,,
South Hammond,1,2021,6-Oct-21,2,white pine,Pinus strobus,38.6,,,
South Hammond,1,2021,6-Oct-21,2,white pine,Pinus strobus,10.3,,,
South Hammond,1,2021,6-Oct-21,2,red oak,Quercus rubra,14.1,,,
South Hammond,1,2021,6-Oct-21,3,red oak,Quercus rubra,20.2,,,
South Hammond,1,2021,6-Oct-21,3,red oak,Quercus rubra,14.4,,,
South Hammond,1,2021,6-Oct-21,3,red oak,Quercus rubra,13.5,,,
South Hammond,1,2021,6-Oct-21,3,red oak,Quercus rubra,10.9,,,
South Hammond,1,2021,6-Oct-21,3,red oak,Quercus rubra,10.1,,,
South Hammond,1,2021,6-Oct-21,3,white oak,Quercus alba,18.2,,,
South Hammond,1,2021,6-Oct-21,3,red oak,Quercus rubra,13.6,,,
South Hammond,1,2021,6-Oct-21,3,white ash,Fraxinus americana,15.9,,,
South Hammond,1,2021,6-Oct-21,4,white pine,Pinus strobus,44.5,,,
South Hammond,1,2021,6-Oct-21,4,red oak,Quercus rubra,18.3,,,
South Hammond,1,2021,6-Oct-21,4,white oak,Quercus alba,11.3,,,
South Hammond,1,2021,6-Oct-21,4,red oak,Quercus rubra,10,,,
South Hammond,2,2021,13-Oct-21,1,red oak,Quercus rubra,30.75,9,4,
South Hammond,2,2021,13-Oct-21,1,white pine,Pinus strobus,22.8,4,2,
South Hammond,2,2021,13-Oct-21,1,red oak,Quercus rubra,22.4,3,1,
South Hammond,2,2021,13-Oct-21,1,musclewood,Carpinus carolineana,16.6,0.5,4,listed as Carpinus carolineana and hophornbeam. Going with sci name
South Hammond,2,2021,13-Oct-21,1,white oak,Quercus alba,11.8,2,8,
South Hammond,2,2021,13-Oct-21,4,red oak,Quercus rubra,55.7,,,two stems
South Hammond,2,2021,13-Oct-21,4,red oak,Quercus rubra,15.4,,,
South Hammond,2,2021,13-Oct-21,4,white pine,Pinus strobus,36.5,,,two stems
South Hammond,2,2021,13-Oct-21,4,red oak,Quercus rubra,11.2,,,
South Hammond,2,2021,13-Oct-21,4,red oak,Quercus rubra,18.7,,,
South Hammond,2,2021,13-Oct-21,4,red oak,Quercus rubra,11.7,,,
South Hammond,2,2021,13-Oct-21,3,red oak,Quercus rubra,28.6,,,
South Hammond,2,2021,13-Oct-21,3,white pine,Pinus strobus,17.7,,,
South Hammond,2,2021,13-Oct-21,3,red oak,Quercus rubra,18.3,,,
South Hammond,2,2021,13-Oct-21,3,red oak,Quercus rubra,37.7,,,
South Hammond,2,2021,13-Oct-21,3,red oak,Quercus rubra,17.2,,,
South Hammond,2,2021,13-Oct-21,3,white pine,Pinus strobus,27.2,,,
South Hammond,2,2021,13-Oct-21,3,white pine,Pinus strobus,10.2,,,
South Hammond,2,2021,13-Oct-21,3,red oak,Quercus rubra,34,,,
South Hammond,2,2021,13-Oct-21,2,white pine,Pinus strobus,20.7,,,
South Hammond,2,2021,13-Oct-21,2,white ash,Fraxinus americana,24,,,
South Hammond,2,2021,13-Oct-21,2,ironwood,Ostrya virginiana,10.5,,,
South Hammond,2,2021,13-Oct-21,2,white pine,Pinus strobus,16.5,,,
South Hammond,3,2021,13-Oct-21,1,black cherry,Prunus serotina,15.4,3,1,
South Hammond,3,2021,13-Oct-21,1,shagbark hickory,Carya ovata,13.5,7,1,
South Hammond,3,2021,13-Oct-21,1,white pine,Pinus strobus,10.4,4,8,
South Hammond,3,2021,13-Oct-21,1,juneberry,Amelanchier spp.,16.3,3,5,
South Hammond,3,2021,13-Oct-21,1,white pine,Pinus strobus,29.5,1,6,
South Hammond,3,2021,13-Oct-21,1,white oak,Quercus alba,10.7,2,9,
South Hammond,3,2021,13-Oct-21,4,red oak,Quercus rubra,10.6,,,
South Hammond,3,2021,13-Oct-21,4,white oak,Quercus alba,50.7,,,two stems
South Hammond,3,2021,13-Oct-21,4,white ash,Fraxinus americana,14.6,,,
South Hammond,3,2021,13-Oct-21,4,white oak,Quercus alba,26,,,
South Hammond,3,2021,13-Oct-21,4,white pine,Pinus strobus,12.5,,,
South Hammond,3,2021,13-Oct-21,4,red oak,Quercus rubra,26.9,,,
South Hammond,3,2021,13-Oct-21,4,red oak,Quercus rubra,20.7,,,
South Hammond,3,2021,13-Oct-21,4,red oak,Quercus rubra,17.6,,,
South Hammond,3,2021,13-Oct-21,3,white pine,Pinus strobus,15.4,,,
South Hammond,3,2021,13-Oct-21,3,red oak,Quercus rubra,39,,,
South Hammond,3,2021,13-Oct-21,3,red oak,Quercus rubra,29.5,,,
South Hammond,3,2021,13-Oct-21,3,white pine,Pinus strobus,23,,,
South Hammond,3,2021,13-Oct-21,3,red oak,Quercus rubra,11.7,,,
South Hammond,3,2021,13-Oct-21,3,shagbark hickory,Carya ovata,12.5,,,
South Hammond,3,2021,13-Oct-21,2,red oak,Quercus rubra,41.5,,,
South Hammond,3,2021,13-Oct-21,2,white pine,Pinus strobus,19,,,
South Hammond,3,2021,13-Oct-21,2,white pine,Pinus strobus,14.6,,,
South Hammond,3,2021,13-Oct-21,2,white pine,Pinus strobus,12.8,,,
South Hammond,3,2021,13-Oct-21,2,white pine,Pinus strobus,19.3,,,
South Hammond,3,2021,13-Oct-21,2,red oak,Quercus rubra,18.3,,,
South Hammond,3,2021,13-Oct-21,2,juneberry,Amelanchier spp.,35.1,,,
South Hammond,3,2021,13-Oct-21,2,juneberry,Amelanchier spp.,10.3,,,
Peavine Swamp,2,2021,20-Oct-21,1,sugar maple,Acer saccharum,21.4,9,2,
Peavine Swamp,2,2021,20-Oct-21,1,Red maple,Acer rubrum,25.7,9,4,
Peavine Swamp,2,2021,20-Oct-21,1,red maple,Acer rubrum,32.9,6,6,
Peavine Swamp,2,2021,20-Oct-21,1,red maple,Acer rubrum,34.9,3,9,
Peavine Swamp,2,2021,20-Oct-21,1,American beech,Fagus grandifolia,10.8,2,7,
Peavine Swamp,2,2021,20-Oct-21,1,red maple,Acer rubrum,38.6,10,9,
Peavine Swamp,2,2021,20-Oct-21,2,sugar maple,Acer saccharum,29.8,,,
Peavine Swamp,2,2021,20-Oct-21,2,American beech,Fagus grandifolia,15.6,,,
Peavine Swamp,2,2021,20-Oct-21,2,American beech,Fagus grandifolia,18,,,
Peavine Swamp,2,2021,20-Oct-21,3,American beech,Fagus grandifolia,11,,,
Peavine Swamp,2,2021,20-Oct-21,3,sugar maple,Acer saccharum,17.3,,,
Peavine Swamp,2,2021,20-Oct-21,3,sugar maple,Acer saccharum,14.8,,,
Peavine Swamp,2,2021,20-Oct-21,3,red maple,Acer rubrum,43.9,,,
Peavine Swamp,2,2021,20-Oct-21,4,American beech,Fagus grandifolia,14,,,
Peavine Swamp,2,2021,20-Oct-21,4,American beech,Fagus grandifolia,10.5,,,
Peavine Swamp,2,2021,20-Oct-21,4,American beech,Fagus grandifolia,15.7,,,
Peavine Swamp,2,2021,20-Oct-21,4,American beech,Fagus grandifolia,10.2,,,
Peavine Swamp,3,2021,20-Oct-21,2,yellow birch,Betula alleghaniensis,24.7,,,
Peavine Swamp,3,2021,20-Oct-21,2,yellow birch,Betula alleghaniensis,29.3,,,
Peavine Swamp,3,2021,20-Oct-21,2,sugar maple,Acer saccharum,13.3,,,
Peavine Swamp,3,2021,20-Oct-21,2,sugar maple,Acer saccharum,28.7,,,
Peavine Swamp,3,2021,20-Oct-21,2,sugar maple,Acer saccharum,11.3,,,
Peavine Swamp,3,2021,20-Oct-21,3,sugar maple,Acer saccharum,42,,,
Peavine Swamp,3,2021,20-Oct-21,3,sugar maple,Acer saccharum,17.8,,,
Peavine Swamp,3,2021,20-Oct-21,3,sugar maple,Acer saccharum,36.5,,,
Peavine Swamp,3,2021,20-Oct-21,3,American beech,Fagus grandifolia,10.1,,,
Peavine Swamp,3,2021,20-Oct-21,3,sugar maple,Acer saccharum,41,,,
Peavine Swamp,3,2021,20-Oct-21,4,American beech,Fagus grandifolia,10.4,,,
Peavine Swamp,3,2021,20-Oct-21,4,American beech,Fagus grandifolia,11.1,,,
Peavine Swamp,3,2021,20-Oct-21,4,sugar maple,Acer saccharum,14.1,,,
Peavine Swamp,3,2021,20-Oct-21,4,sugar maple,Acer saccharum,12.2,,,
Peavine Swamp,3,2021,20-Oct-21,4,red maple,Acer rubrum,32.8,,,
Peavine Swamp,3,2021,20-Oct-21,4,sugar maple,Acer saccharum,29.4,,,
Peavine Swamp,3,2021,20-Oct-21,4,Red maple,Acer rubrum,31.5,,,
Peavine Swamp,3,2021,20-Oct-21,1,American beech,Fagus grandifolia,11.5,8,5,
Peavine Swamp,3,2021,20-Oct-21,1,sugar maple,Acer saccharum,29.1,3,2.5,
Peavine Swamp,3,2021,20-Oct-21,1,red maple,Acer rubrum,41.9,2,2,
Peavine Swamp,3,2021,20-Oct-21,1,sugar maple,Acer saccharum,41.1,9.5,4,
Peavine Swamp,1,2021,27-Oct-21,1,American beech,Fagus grandifolia,74.3,0,4,
Peavine Swamp,1,2021,27-Oct-21,1,American beech,Fagus grandifolia,18.7,0,10,
Peavine Swamp,1,2021,27-Oct-21,4,red maple,Acer rubrum,56.4,,,
Peavine Swamp,1,2021,27-Oct-21,4,American beech,Fagus grandifolia,13.1,,,
Peavine Swamp,1,2021,27-Oct-21,4,red spruce,Picea rubens,35.5,,,
Peavine Swamp,1,2021,27-Oct-21,4,American beech,Fagus grandifolia,14.4,,,
Peavine Swamp,1,2021,27-Oct-21,4,red spruce,Picea rubens,12.2,,,
Peavine Swamp,1,2021,27-Oct-21,4,American beech,Fagus grandifolia,14.2,,,
Peavine Swamp,1,2021,27-Oct-21,4,red maple,Acer rubrum,53.2,,,
Peavine Swamp,1,2021,27-Oct-21,4,American beech,Fagus grandifolia,17,,,
Peavine Swamp,1,2021,27-Oct-21,4,red maple,Acer rubrum,32.4,,,
Peavine Swamp,1,2021,27-Oct-21,4,American beech,Fagus grandifolia,43.5,,,
Peavine Swamp,1,2021,27-Oct-21,4,American beech,Fagus grandifolia,11.3,,,
Peavine Swamp,1,2021,27-Oct-21,3,red spruce,Picea rubens,14.2,,,
Peavine Swamp,1,2021,27-Oct-21,3,American beech,Fagus grandifolia,14.9,,,
Peavine Swamp,1,2021,27-Oct-21,3,American beech,Fagus grandifolia,15.3,,,
Peavine Swamp,1,2021,27-Oct-21,3,red maple,Acer rubrum,25.6,,,
Peavine Swamp,1,2021,27-Oct-21,3,American beech,Fagus grandifolia,10.2,,,
Peavine Swamp,1,2021,27-Oct-21,2,American beech,Fagus grandifolia,11.6,,,
Peavine Swamp,1,2021,27-Oct-21,2,red maple,Acer rubrum,50.8,,,
Peavine Swamp,1,2021,27-Oct-21,2,American beech,Fagus grandifolia,12.8,,,
Peavine Swamp,1,2021,27-Oct-21,2,red maple,Acer rubrum,25.3,,,
Peavine Swamp,1,2021,27-Oct-21,2,American beech,Fagus grandifolia,20.6,,,
Degrasse,1,2021,27-Oct-21,1,red pine,Pinus resinosa,36.8,4,4,
Degrasse,1,2021,27-Oct-21,1,red pine,Pinus resinosa,41.9,4,10,
Degrasse,1,2021,27-Oct-21,1,red pine,Pinus resinosa,37,10,8,
Degrasse,1,2021,27-Oct-21,2,American beech,Fagus grandifolia,28.7,,,three stems 
Degrasse,1,2021,27-Oct-21,2,American beech,Fagus grandifolia,13.8,,,
Degrasse,1,2021,27-Oct-21,2,American beech,Fagus grandifolia,12.8,,,
Degrasse,1,2021,27-Oct-21,2,red pine,Pinus resinosa,35.2,,,
Degrasse,1,2021,27-Oct-21,2,white pine,Pinus strobus,15.7,,,
Degrasse,1,2021,27-Oct-21,3,red pine,Pinus resinosa,37.7,,,
Degrasse,1,2021,27-Oct-21,3,white pine,Pinus strobus,16.6,,,
Degrasse,1,2021,27-Oct-21,3,red pine,Pinus resinosa,37.8,,,
Degrasse,1,2021,27-Oct-21,3,red pine,Pinus resinosa,37.2,,,
Degrasse,1,2021,27-Oct-21,4,red pine,Pinus resinosa,35.6,,,
Degrasse,1,2021,27-Oct-21,4,white pine,Pinus strobus,10.2,,,
Degrasse,1,2021,27-Oct-21,4,red pine,Pinus resinosa,37.8,,,
Degrasse,2,2021,27-Oct-21,1,red pine,Pinus resinosa,37.2,3,1,
Degrasse,2,2021,27-Oct-21,1,red pine,Pinus resinosa,42.2,5,4,
Degrasse,2,2021,27-Oct-21,1,red pine,Pinus resinosa,34.4,5,9,
Degrasse,2,2021,27-Oct-21,1,white pine,Pinus strobus,24.9,8,9,
Degrasse,2,2021,27-Oct-21,2,red pine,Pinus resinosa,36.6,,,
Degrasse,2,2021,27-Oct-21,3,red pine,Pinus resinosa,39.2,,,
Degrasse,2,2021,27-Oct-21,3,red pine,Pinus resinosa,41,,,
Degrasse,2,2021,27-Oct-21,3,red pine,Pinus resinosa,34.5,,,
Degrasse,2,2021,27-Oct-21,3,red pine,Pinus resinosa,40.3,,,
Degrasse,2,2021,27-Oct-21,4,red pine,Pinus resinosa,37.2,,,
Degrasse,2,2021,27-Oct-21,4,red pine,Pinus resinosa,33.8,,,
Degrasse,2,2021,27-Oct-21,4,red pine,Pinus resinosa,38.8,,,
Degrasse,2,2021,27-Oct-21,4,white pine,Pinus strobus,21.7,,,
Degrasse,2,2021,27-Oct-21,4,red pine,Pinus resinosa,36.1,,,
Degrasse,3,2021,27-Oct-21,1,red pine,Pinus resinosa,39.8,3,9,
Degrasse,3,2021,27-Oct-21,1,American beech,Fagus grandifolia,11.4,4,4,
Degrasse,3,2021,27-Oct-21,2,white pine,Pinus strobus,21.3,,,
Degrasse,3,2021,27-Oct-21,2,red pine,Pinus resinosa,37.3,,,
Degrasse,3,2021,27-Oct-21,2,red pine,Pinus resinosa,34.5,,,
Degrasse,3,2021,27-Oct-21,2,red pine,Pinus resinosa,41.3,,,
Degrasse,3,2021,27-Oct-21,2,white pine,Pinus strobus,10.7,,,
Degrasse,3,2021,27-Oct-21,3,red pine,Pinus resinosa,33.7,,,
Degrasse,3,2021,27-Oct-21,3,red pine,Pinus resinosa,36.5,,,
Degrasse,3,2021,27-Oct-21,3,white pine,Pinus strobus,11.8,,,
Degrasse,3,2021,27-Oct-21,3,red pine,Pinus resinosa,35.7,,,
Degrasse,3,2021,27-Oct-21,4,red pine,Pinus resinosa,37.5,,,
Degrasse,3,2021,27-Oct-21,4,red pine,Pinus resinosa,40.8,,,
Degrasse,3,2021,27-Oct-21,4,American beech,Fagus grandifolia,15.1,,,
Degrasse,3,2021,27-Oct-21,4,red pine,Pinus resinosa,32.3,,,
Donnerville,1,2017,20-Sep-17,3,American beech,Fagus grandifolia,13.5,,,
Donnerville,2,2017,27-Sep-17,1,American beech,Fagus grandifolia,13.3,2.1,0.9,
Donnerville,2,2017,27-Sep,1,American beech,Fagus grandifolia,12,9.5,10,
Donnerville,2,2017,27-Sep-17,3,American beech,Fagus grandifolia,15.2,,,1/2 DEAD
Donnerville,2,2017,27-Sep-17,3,American beech,Fagus grandifolia,20.5,,,
Donnerville,2,2017,27-Sep-17,3,American beech,Fagus grandifolia,15.7,,,
Donnerville,2,2017,27-Sep-17,3,American beech,Fagus grandifolia,17.5,,,
Donnerville,2,2017,27-Sep-17,3,American beech,Fagus grandifolia,24,,,
Donnerville,2,2017,27-Sep-17,3,American beech,Fagus grandifolia,15.3,,,
Donnerville,3,2017,27-Sep-17,3,American beech,Fagus grandifolia,16.3,,,
Donnerville,3,2017,27-Sep-17,4,American beech,Fagus grandifolia,10.5,,,
Donnerville,3,2017,27-Sep-17,4,American beech,Fagus grandifolia,13.4,,,
Donnerville,1,2017,20-Sep-17,3,Big toothed aspen,Populus grandidentata,32.5,,,
Donnerville,1,2017,20-Sep-17,3,Big toothed aspen,Populus grandidentata,36,,,
Donnerville,1,2017,20-Sep-17,3,Big toothed aspen,Populus grandidentata,24,,,
Donnerville,1,2017,20-Sep-17,4,Big toothed aspen,Populus grandidentata,22,,,
Donnerville,2,2017,27-Sep-17,1,Black cherry,Prunus serotina,35,9.5,8,
Donnerville,2,2017,27-Sep,2,Black cherry,Prunus serotina,23.7,,,
Donnerville,2,2017,27-Sep,2,Black cherry,Prunus serotina,26.4,0,15.2,
Donnerville,2,2017,27-Sep-17,3,Black cherry,Prunus serotina,12.5,,,
Donnerville,2,2017,27-Sep-17,3,Black cherry,Prunus serotina,10.5,,,
Donnerville,1,2017,20-Sep-17,4,Catscratch,Ostrya virginiana,10,,,
Donnerville,3,2017,27-Sep-17,4,Catscratch,Ostrya virginiana,14.8,,,
Donnerville,2,2017,27-Sep,1,Musclewood,Carpinus carolineana,15,5.6,1,
Donnerville,1,2017,20-Sep-17,1,Red maple,Acer rubrum,16.5,0.2,6.6,
Donnerville,1,2017,20-Sep-17,3,Red maple,Acer rubrum,12.5,,,
Donnerville,1,2017,20-Sep-17,4,Red maple,Acer rubrum,16.5,,,
Donnerville,1,2017,20-Sep-17,4,Red maple,Acer rubrum,15.2,,,
Donnerville,1,2017,20-Sep-17,4,Red maple,Acer rubrum,17.5,,,
Donnerville,2,2017,27-Sep,2,Red maple,Acer rubrum,12.1,8.1,0.6,
Donnerville,2,2017,27-Sep,2,Red maple,Acer rubrum,19.5,7.4,11.3,
Donnerville,2,2017,27-Sep-17,3,Red maple,Acer rubrum,22.9,,,
Donnerville,2,2017,27-Sep-17,4,Red maple,Acer rubrum,32,,,
Donnerville,3,2017,27-Sep-17,1,Red maple,Acer rubrum,28.6,0.5,8,
Donnerville,3,2017,27-Sep-17,2,Red maple,Acer rubrum,19.6,0,10,
Donnerville,2,2017,27-Sep,2,Slippery elm,Ulmus rubra,12.3,,,
Donnerville,1,2017,20-Sep-17,1,Sugar maple,Acer saccharum,24.5,1.8,2,
Donnerville,1,2017,20-Sep-17,1,Sugar maple,Acer saccharum,18.5,4.2,2.3,
Donnerville,1,2017,20-Sep-17,1,Sugar maple,Acer saccharum,14.5,4.3,1.6,
Donnerville,1,2017,20-Sep-17,1,Sugar maple,Acer saccharum,23,6,3.6,
Donnerville,1,2017,20-Sep-17,1,Sugar maple,Acer saccharum,16.3,0.1,8.8,
Donnerville,1,2017,20-Sep-17,2,Sugar maple,Acer saccharum,18.5,5.4,7.3,
Donnerville,1,2017,20-Sep-17,2,Sugar maple,Acer saccharum,12,9.8,6.1,
Donnerville,1,2017,20-Sep-17,2,Sugar maple,Acer saccharum,17,0.1,9.2,
Donnerville,1,2017,20-Sep-17,2,Sugar maple,Acer saccharum,74.5,6.5,4.3,
Donnerville,1,2017,20-Sep-17,3,Sugar maple,Acer saccharum,22.5,,,
Donnerville,1,2017,20-Sep-17,3,Sugar maple,Acer saccharum,16,,,
Donnerville,1,2017,20-Sep-17,3,Sugar maple,Acer saccharum,15,,,
Donnerville,1,2017,20-Sep-17,3,Sugar maple,Acer saccharum,12,,,
Donnerville,1,2017,20-Sep-17,4,Sugar maple,Acer saccharum,13,,,
Donnerville,1,2017,20-Sep-17,4,Sugar maple,Acer saccharum,27,,,
Donnerville,2,2017,27-Sep-17,1,Sugar maple,Acer saccharum,66,5,6,
Donnerville,2,2017,27-Sep-17,3,Sugar maple,Acer saccharum,18.8,,,
Donnerville,3,2017,27-Sep-17,1,Sugar maple,Acer saccharum,10,8,5.5,
Donnerville,3,2017,27-Sep-17,1,Sugar maple,Acer saccharum,13,8,5.3,
Donnerville,3,2017,27-Sep-17,2,Sugar maple,Acer saccharum,16.7,8,2,
Donnerville,3,2017,27-Sep-17,2,Sugar maple,Acer saccharum,11.2,5,6,
Donnerville,3,2017,27-Sep-17,2,Sugar maple,Acer saccharum,15.7,1,6,
Donnerville,3,2017,27-Sep-17,4,Sugar maple,Acer saccharum,32,,,
Donnerville,2,2017,27-Sep-17,1,Unknown1,unknown,11.5,4.3,3.2,
Donnerville,2,2017,27-Sep,1,Unknown1,unknown,12.5,7.5,1.2,
Donnerville,2,2017,27-Sep-17,3,Unknown1,unknown,12.7,,,
Donnerville,2,2017,27-Sep-17,3,Unknown1,unknown,10.6,,,
Donnerville,2,2017,27-Sep-17,4,Unknown1,unknown,11,,,
Donnerville,2,2017,27-Sep-17,4,Unknown1,unknown,45.9,,,
Donnerville,2,2017,27-Sep-17,4,Unknown1,unknown,14.6,,,
Donnerville,2,2017,27-Sep-17,4,Unknown1,unknown,18,,,
Donnerville,2,2017,27-Sep-17,4,Unknown1,unknown,10.1,,,
Donnerville,2,2017,27-Sep-17,4,Unknown1,unknown,22.1,,,
Donnerville,2,2017,27-Sep-17,1,White ash,Fraxinus americana,22.5,9.8,1,
Donnerville,2,2017,27-Sep,2,White ash,Fraxinus americana,12.2,,,
Donnerville,3,2017,27-Sep-17,1,Yellow birch,Betula alleghaniensis,29.5,1,6.5,
Donnerville,3,2017,27-Sep-17,1,Yellow birch,Betula alleghaniensis,22,7,10,
Donnerville,3,2017,27-Sep-17,2,Yellow birch,Betula alleghaniensis,32,3,6,
Donnerville,3,2017,27-Sep-17,3,Yellow birch,Betula alleghaniensis,22.2,,,
Donnerville,3,2017,27-Sep-17,4,Yellow birch,Betula alleghaniensis,32,,,
Peavine Swamp,1,2017,18-Oct-17,1,American beech,Fagus grandifolia,12.1,4.1,6.5,
Peavine Swamp,1,2017,18-Oct-17,1,American beech,Fagus grandifolia,11.4,3.2,6,
Peavine Swamp,1,2017,18-Oct-17,2,American beech,Fagus grandifolia,10.1,6.8,5.8,
Peavine Swamp,1,2017,18-Oct-17,3,American beech,Fagus grandifolia,10.6,,,
Peavine Swamp,1,2017,18-Oct-17,3,American beech,Fagus grandifolia,17.3,,,
Peavine Swamp,1,2017,18-Oct-17,3,American beech,Fagus grandifolia,19.2,,,
Peavine Swamp,1,2017,18-Oct-17,4,American beech,Fagus grandifolia,16.8,,,
Peavine Swamp,1,2017,18-Oct-17,4,American beech,Fagus grandifolia,14.8,,,
Peavine Swamp,2,2017,18-Oct-17,1,American beech,Fagus grandifolia,11,8,7,
Peavine Swamp,2,2017,18-Oct-17,2,American beech,Fagus grandifolia,12.1,5,2,
Peavine Swamp,3,2017,25-Oct-17,1,American beech,Fagus grandifolia,19.7,7,9,
Peavine Swamp,3,2017,25-Oct-17,1,American beech,Fagus grandifolia,18.3,7,5,
Peavine Swamp,3,2017,25-Oct-17,2,American beech,Fagus grandifolia,16,8,3,
Peavine Swamp,3,2017,25-Oct-17,4,American beech,Fagus grandifolia,10.2,,,
Peavine Swamp,3,2017,25-Oct-17,4,American beech,Fagus grandifolia,11.8,,,
Peavine Swamp,3,2017,25-Oct-17,3,American beech,Fagus grandifolia,11.7,,,
Peavine Swamp,2,2017,18-Oct-17,2,Gray birch,Betula populifolia,27.6,2,3,
Peavine Swamp,2,2017,18-Oct-17,2,Gray birch,Betula populifolia,24.8,4,7,
Peavine Swamp,1,2017,18-Oct-17,3,Red elm,Ulmus rubra,13,,,Check species - American elm?
Peavine Swamp,1,2017,18-Oct-17,1,Red maple,Acer rubrum,36.6,8.2,0.5,
Peavine Swamp,1,2017,18-Oct-17,1,Red maple,Acer rubrum,12.4,6.1,2.6,
Peavine Swamp,1,2017,18-Oct-17,1,Red maple,Acer rubrum,38.4,5.2,5.5,
Peavine Swamp,1,2017,18-Oct-17,1,Red maple,Acer rubrum,25.9,1.1,6.2,
Peavine Swamp,1,2017,18-Oct-17,1,Red maple,Acer rubrum,32.7,9.9,5.6,
Peavine Swamp,1,2017,18-Oct-17,2,Red maple,Acer rubrum,13.3,6,5.6,
Peavine Swamp,1,2017,18-Oct-17,2,Red maple,Acer rubrum,29,7,6,
Peavine Swamp,1,2017,18-Oct-17,2,Red maple,Acer rubrum,17.9,8.3,2.2,
Peavine Swamp,2,2017,18-Oct-17,4,Red maple,Acer rubrum,31.4,,,
Peavine Swamp,2,2017,18-Oct-17,4,Red maple,Acer rubrum,30.3,,,
Peavine Swamp,3,2017,25-Oct-17,4,Red maple,Acer rubrum,15.1,,,
Peavine Swamp,3,2017,25-Oct-17,4,Red maple,Acer rubrum,15.4,,,
Peavine Swamp,3,2017,25-Oct-17,3,Red maple,Acer rubrum,11.3,,,
Peavine Swamp,3,2017,25-Oct-17,3,Red maple,Acer rubrum,13.4,,,
Peavine Swamp,3,2017,25-Oct-17,3,Red maple,Acer rubrum,25.9,,,
Peavine Swamp,1,2017,18-Oct-17,3,Sugar maple,Acer saccharum,20.5,,,
Peavine Swamp,1,2017,18-Oct-17,4,Sugar maple,Acer saccharum,18,,,
Peavine Swamp,2,2017,18-Oct-17,1,Sugar maple,Acer saccharum,41.3,4,3,
Peavine Swamp,2,2017,18-Oct-17,1,Sugar maple,Acer saccharum,28.4,5,3,
Peavine Swamp,2,2017,18-Oct-17,2,Sugar maple,Acer saccharum,39.1,1,3,
Peavine Swamp,2,2017,18-Oct-17,2,Sugar maple,Acer saccharum,12,3,6,
Peavine Swamp,2,2017,18-Oct-17,2,Sugar maple,Acer saccharum,11.2,9,9,
Peavine Swamp,2,2017,18-Oct-17,3,Sugar maple,Acer saccharum,36.2,,,
Peavine Swamp,2,2017,18-Oct-17,3,Sugar maple,Acer saccharum,16.8,,,
Peavine Swamp,2,2017,18-Oct-17,3,Sugar maple,Acer saccharum,40.8,,,
Peavine Swamp,2,2017,18-Oct-17,3,Sugar maple,Acer saccharum,40.3,,,
Peavine Swamp,2,2017,18-Oct-17,3,Sugar maple,Acer saccharum,38,,,
Peavine Swamp,2,2017,18-Oct-17,4,Sugar maple,Acer saccharum,12.2,,,
Peavine Swamp,2,2017,18-Oct-17,4,Sugar maple,Acer saccharum,28.7,,,
Peavine Swamp,3,2017,25-Oct-17,1,Sugar maple,Acer saccharum,26.2,2,8,
Peavine Swamp,3,2017,25-Oct-17,1,Sugar maple,Acer saccharum,42.5,3,9,
Peavine Swamp,3,2017,25-Oct-17,1,Sugar maple,Acer saccharum,11.9,2,10,
Peavine Swamp,3,2017,25-Oct-17,1,Sugar maple,Acer saccharum,35,7,9,
Peavine Swamp,3,2017,25-Oct-17,1,Sugar maple,Acer saccharum,20.1,9,1,
Peavine Swamp,3,2017,25-Oct-17,2,Sugar maple,Acer saccharum,10.5,4,1,
Peavine Swamp,3,2017,25-Oct-17,2,Sugar maple,Acer saccharum,21.9,4,5,
Peavine Swamp,3,2017,25-Oct-17,2,Sugar maple,Acer saccharum,16.6,7,7,
Peavine Swamp,3,2017,25-Oct-17,4,Sugar maple,Acer saccharum,75.3,,,
Peavine Swamp,3,2017,25-Oct-17,3,Sugar maple,Acer saccharum,27,,,
Peavine Swamp,3,2017,25-Oct-17,3,Sugar maple,Acer saccharum,14,,,
Peavine Swamp,3,2017,25-Oct-17,3,Sugar maple,Acer saccharum,10.9,,,
South Hammond,1,2017,4-Oct-17,1,Black cherry,Prunus serotina,15.5,5,10,
South Hammond,3,2017,11-Oct-17,1,Catscratch,Ostrya virginiana,10.5,3,9,
South Hammond,1,2017,4-Oct-17,2,Catscratch,Ostrya virginiana,14.3,2.3,3,
South Hammond,1,2017,4-Oct-17,2,Catscratch,Ostrya virginiana,12.3,4.5,0.5,
South Hammond,3,2017,11-Oct-17,4,Choke cherry,Prunus pennsylvanica,21.4,,,
South Hammond,1,2017,4-Oct-17,2,Choke cherry,Prunus virginiana,8,6,2.5,
South Hammond,1,2017,4-Oct-17,3,Choke cherry,Prunus virginiana,10.1,,,
South Hammond,1,2017,4-Oct-17,4,Choke cherry,Prunus virginiana,16,,,
South Hammond,2,2017,4-Oct-17,1,Quaking aspen,Populus tremuloides,34.2,1,9,
South Hammond,2,2017,4-Oct-17,1,Red maple,Acer rubrum,10,4,4,
South Hammond,2,2017,4-Oct-17,1,Red maple,Acer rubrum,13.3,4,9.6,
South Hammond,2,2017,4-Oct-17,1,Red maple,Acer rubrum,31.9,8,10,
South Hammond,2,2017,4-Oct-17,3,Red maple,Acer rubrum,43.5,,,
South Hammond,1,2017,4-Oct-17,1,Red oak,Quercus rubra,30.5,6.5,5,
South Hammond,2,2017,4-Oct-17,2,Red oak,Quercus rubra,27.1,5.3,4,
South Hammond,2,2017,4-Oct-17,2,Red oak,Quercus rubra,11.5,3.6,3.5,
South Hammond,2,2017,4-Oct-17,2,Red oak,Quercus rubra,10.9,7,5,
South Hammond,2,2017,4-Oct-17,2,Red oak,Quercus rubra,20,8.5,4.9,
South Hammond,2,2017,4-Oct-17,3,Red oak,Quercus rubra,20,,,
South Hammond,2,2017,4-Oct-17,3,Red oak,Quercus rubra,13.4,,,
South Hammond,2,2017,4-Oct-17,3,Red oak,Quercus rubra,13.8,,,
South Hammond,2,2017,4-Oct-17,4,Red oak,Quercus rubra,17.5,,,
South Hammond,2,2017,4-Oct-17,4,Red oak,Quercus rubra,10.8,,,
South Hammond,2,2017,4-Oct-17,4,Red oak,Quercus rubra,11.5,,,
South Hammond,2,2017,4-Oct-17,4,Red oak,Quercus rubra,15.2,,,
South Hammond,3,2017,11-Oct-17,2,Red oak,Quercus rubra,36.5,0.5,5,
South Hammond,3,2017,11-Oct-17,2,Red oak,Quercus rubra,19.8,4,4,
South Hammond,3,2017,11-Oct-17,2,Red oak,Quercus rubra,16.2,7,5,
South Hammond,3,2017,11-Oct-17,3,Red oak,Quercus rubra,16.3,,,
South Hammond,3,2017,11-Oct-17,3,Red oak,Quercus rubra,12.5,,,
South Hammond,3,2017,11-Oct-17,3,Red oak,Quercus rubra,11,,,
South Hammond,3,2017,11-Oct-17,3,Red oak,Quercus rubra,33.7,,,
South Hammond,3,2017,11-Oct-17,3,Red oak,Quercus rubra,37.1,,,
South Hammond,3,2017,11-Oct-17,4,Red oak,Quercus rubra,38.6,,,
South Hammond,1,2017,4-Oct-17,4,Red oak,Quercus rubra,25.4,,,
South Hammond,1,2017,4-Oct-17,4,Red oak,Quercus rubra,10,,,
South Hammond,1,2017,4-Oct-17,4,Red oak,Quercus rubra,27.3,,,
South Hammond,3,2017,11-Oct-17,3,Red pine,Pinus resinosa,20.2,,,
South Hammond,3,2017,11-Oct-17,3,Red pine,Pinus resinosa,10.5,,,
South Hammond,1,2017,4-Oct-17,3,Shagbark hickory,Carya ovata,12.5,,,
South Hammond,2,2017,4-Oct-17,2,White ash,Fraxinus americana,13.3,1.5,1,
South Hammond,3,2017,11-Oct-17,3,White ash,Fraxinus americana,23.9,,,
South Hammond,1,2017,4-Oct-17,1,White oak,Quercus alba,22,0,2,
South Hammond,1,2017,4-Oct-17,1,White oak,Quercus alba,11,2,3,
South Hammond,1,2017,4-Oct-17,1,White oak,Quercus alba,11,5.3,2,
South Hammond,2,2017,4-Oct-17,3,White oak,Quercus alba,16.5,,,
South Hammond,3,2017,11-Oct-17,1,White oak,Quercus alba,14,3.8,3,
South Hammond,3,2017,11-Oct-17,2,White oak,Quercus alba,13.5,6,1,
South Hammond,1,2017,4-Oct-17,2,White oak,Quercus alba,47.2,5,5,
South Hammond,1,2017,4-Oct-17,2,White oak,Quercus alba,34.3,8,7.2,
South Hammond,1,2017,4-Oct-17,3,White oak,Quercus alba,17.7,,,
South Hammond,1,2017,4-Oct-17,3,White oak,Quercus alba,40.6,,,
South Hammond,1,2017,4-Oct-17,3,White oak,Quercus alba,17.3,,,
South Hammond,1,2017,4-Oct-17,4,White oak,Quercus alba,22.8,,,
South Hammond,1,2017,4-Oct-17,1,White pine,Pinus strobus,30,2.6,4.8,
South Hammond,1,2017,4-Oct-17,1,White pine,Pinus strobus,11,6.5,2,
South Hammond,2,2017,4-Oct-17,1,White pine,Pinus strobus,16,1,2,
South Hammond,2,2017,4-Oct-17,1,White pine,Pinus strobus,14.1,1.5,3,
South Hammond,2,2017,4-Oct-17,1,White pine,Pinus strobus,47.1,6.6,4.2,
South Hammond,3,2017,11-Oct-17,1,White pine,Pinus strobus,12,7.7,6,
South Hammond,3,2017,11-Oct-17,3,White pine,Pinus strobus,18.7,,,
South Hammond,3,2017,11-Oct-17,4,White pine,Pinus strobus,10.7,,,
South Hammond,1,2017,4-Oct-17,2,White pine,Pinus strobus,7.6,7,1,
South Hammond,1,2017,4-Oct-17,2,White pine,Pinus strobus,18.9,9,1,
South Hammond,1,2017,4-Oct-17,3,White pine,Pinus strobus,19,,,
South Hammond,1,2017,4-Oct-17,4,White pine,Pinus strobus,12.5,,,
South Hammond,1,2017,4-Oct-17,4,White pine,Pinus strobus,10.5,,,
South Hammond,1,2017,4-Oct-17,4,White pine,Pinus strobus,27.3,,,
Degrasse,1,2017,1-Nov-17,1,Red pine,Pinus resinosa,42.7,1,1,
Degrasse,1,2017,1-Nov-17,1,White pine,Pinus strobus,13.1,8,2,
Degrasse,1,2017,1-Nov-17,1,Red pine,Pinus resinosa,38,5,5,
Degrasse,1,2017,1-Nov-17,1,White pine,Pinus strobus,13.8,4,7,
Degrasse,1,2017,1-Nov-17,2,Red pine,Pinus resinosa,38,5,4,
Degrasse,1,2017,1-Nov-17,2,Red pine,Pinus resinosa,37.8,3,9,
Degrasse,1,2017,1-Nov-17,3,Red maple,Acer rubrum,17.1,,,
Degrasse,1,2017,1-Nov-17,3,Red pine,Pinus resinosa,36.8,,,
Degrasse,1,2017,1-Nov-17,3,Red pine,Pinus resinosa,33.2,,,
Degrasse,1,2017,1-Nov-17,4,Red pine,Pinus resinosa,34.4,,,
Degrasse,1,2017,1-Nov-17,4,Red pine,Pinus resinosa,38.9,,,
Degrasse,1,2017,1-Nov-17,4,Red pine,Pinus resinosa,34,,,
Degrasse,1,2017,1-Nov-17,4,Red pine,Pinus resinosa,36,,,
Degrasse,2,2017,1-Nov-17,1,Red pine,Pinus resinosa,40.8,2,1,
Degrasse,2,2017,1-Nov-17,1,Red pine,Pinus resinosa,34.5,4.1,4,
Degrasse,2,2017,1-Nov-17,1,Red pine,Pinus resinosa,42,0.1,8.5,
Degrasse,2,2017,1-Nov-17,2,Red pine,Pinus resinosa,40.2,1.5,10,
Degrasse,2,2017,1-Nov-17,2,Red pine,Pinus resinosa,35.5,1.5,3,
Degrasse,2,2017,1-Nov-17,2,Red pine,Pinus resinosa,39.5,5.4,3.9,
Degrasse,2,2017,1-Nov-17,2,White pine,Pinus strobus,26.8,2.4,2.4,
Degrasse,2,2017,1-Nov-17,2,Red pine,Pinus resinosa,37.7,0.1,2.9,
Degrasse,2,2017,1-Nov-17,2,Red pine,Pinus resinosa,46.2,1,8.5,
Degrasse,2,2017,1-Nov-17,3,Red pine,Pinus resinosa,29.5,,,
Degrasse,2,2017,1-Nov-17,3,Red pine,Pinus resinosa,39.7,,,
Degrasse,2,2017,1-Nov-17,3,Red pine,Pinus resinosa,40.8,,,
Degrasse,2,2017,1-Nov-17,4,Red pine,Pinus resinosa,35.9,,,
Degrasse,2,2017,1-Nov-17,4,Red pine,Pinus resinosa,54.9,,,
Degrasse,2,2017,1-Nov-17,4,Red pine,Pinus resinosa,22.1,,,
Degrasse,3,2017,1-Nov-17,1,Red pine,Pinus resinosa,33,0.5,8.5,
Degrasse,3,2017,1-Nov-17,1,Red pine,Pinus resinosa,34,8,8,
Degrasse,3,2017,1-Nov-17,1,Red pine,Pinus resinosa,43,9,3,
Degrasse,3,2017,1-Nov-17,1,White pine,Pinus strobus,16,9,3.5,
Degrasse,3,2017,1-Nov-17,2,Red pine,Pinus resinosa,36,1,1.5,
Degrasse,3,2017,1-Nov-17,2,Red pine,Pinus resinosa,43,5.5,4,
Degrasse,3,2017,1-Nov-17,2,Red pine,Pinus resinosa,28,3,5.5,
Degrasse,3,2017,1-Nov-17,3,White pine,Pinus strobus,25,,,
Degrasse,3,2017,1-Nov-17,3,Red pine,Pinus resinosa,40.8,,,
Degrasse,3,2017,1-Nov-17,3,Red pine,Pinus resinosa,42.1,,,
Degrasse,3,2017,1-Nov-17,3,Red spruce,Picea rubens,16.6,,,
Degrasse,3,2017,1-Nov-17,3,Red pine,Pinus resinosa,37.8,,,
Degrasse,3,2017,1-Nov-17,4,Red pine,Pinus resinosa,36.8,,,
Degrasse,3,2017,1-Nov-17,4,Red pine,Pinus resinosa,43.5,,,